www.megaproxy.com.,30,IN,A,180.131.146.7
8thstreetlatinas.com.,30,IN,A,180.131.146.7
adultfriendfinder.com.,30,IN,A,180.131.146.7
alt.com.,30,IN,A,180.131.146.7
anonymouse.org.,30,IN,A,180.131.146.7
beeg.com.,30,IN,A,180.131.146.7
blueskyswimwear.com.,30,IN,A,180.131.146.7
bravotube.net.,30,IN,A,180.131.146.7
casino.com.,30,IN,A,180.131.146.7
conan.xxx.,30,IN,A,180.131.146.7
coolgaylinks.com.,30,IN,A,180.131.146.7
cultdeadcow.com.,30,IN,A,180.131.146.7
famousnudes.com.,30,IN,A,180.131.146.7
gayonthenet.net.,30,IN,A,180.131.146.7
gayromeo.com.,30,IN,A,180.131.146.7
gaytoday.com.,30,IN,A,180.131.146.7
godhatesfags.com.,30,IN,A,180.131.146.7
hardsextube.com.,30,IN,A,180.131.146.7
hidemyass.com.,30,IN,A,180.131.146.7
hightimes.com.,30,IN,A,180.131.146.7
hotgaylist.com.,30,IN,A,180.131.146.7
lesboerotica.net.,30,IN,A,180.131.146.7
manhub.com.,30,IN,A,180.131.146.7
milfhunter.com.,30,IN,A,180.131.146.7
neworder.box.sk.,30,IN,A,180.131.146.7
peta.xxx.,30,IN,A,180.131.146.7
pornhub.com.,30,IN,A,180.131.146.7
pridetube.com.,30,IN,A,180.131.146.7
proxify.com.,30,IN,A,180.131.146.7
realdoll.com.,30,IN,A,180.131.146.7
redtube.com.,30,IN,A,180.131.146.7
rockettube.com.,30,IN,A,180.131.146.7
spankwire.com.,30,IN,A,180.131.146.7
spys.ru.,30,IN,A,180.131.146.7
thepiratebay.se.,30,IN,A,180.131.146.7
transporntube.com.,30,IN,A,180.131.146.7
transsexual.org.,30,IN,A,180.131.146.7
worldsingles.com.,30,IN,A,180.131.146.7
www.2cutelingerie.com.,30,IN,A,180.131.146.7
www.365gay.com.,30,IN,A,180.131.146.7
www.3wishes.com.,30,IN,A,180.131.146.7
www.4chan.org.,30,IN,A,180.131.146.7
www.4online-gambling.com. ,30,IN,A,180.131.146.7
www.888casino.com.,30,IN,A,180.131.146.7
www.89.com.,30,IN,A,180.131.146.7
www.abcunderwear.com.,30,IN,A,180.131.146.7
www.afterelton.com.,30,IN,A,180.131.146.7
www.altpenis.com.,30,IN,A,180.131.146.7
www.amateurpages.com.,30,IN,A,180.131.146.7
www.anonymizer.com.,30,IN,A,180.131.146.7
www.anonymizer.ru.,30,IN,A,180.131.146.7
www.ashemaletube.com.,30,IN,A,180.131.146.7
www.asianangels.com.,30,IN,A,180.131.146.7
www.babylon-x.com.,30,IN,A,180.131.146.7
www.beer.com.,30,IN,A,180.131.146.7
www.bellebound.com.,30,IN,A,180.131.146.7
www.belmont.ag.,30,IN,A,180.131.146.7
www.betfair.com.,30,IN,A,180.131.146.7
www.bglad.com.,30,IN,A,180.131.146.7
www.bild.t-online.de.,30,IN,A,180.131.146.7
www.bisexual.org.,30,IN,A,180.131.146.7
www.blackjackinfo.com.,30,IN,A,180.131.146.7
www.bmezine.com.,30,IN,A,180.131.146.7
www.bodylingerie.com.,30,IN,A,180.131.146.7
www.breastenlargementmagazine.com.,30,IN,A,180.131.146.7
www.budweiser.com.,30,IN,A,180.131.146.7
www.carnivalcasino.com.,30,IN,A,180.131.146.7
www.casinotropez.com.,30,IN,A,180.131.146.7
www.coquette.com.,30,IN,A,180.131.146.7
www.crazyshit.com.,30,IN,A,180.131.146.7
www.cultoferotica.com.,30,IN,A,180.131.146.7
www.cutegirlfriend.net.,30,IN,A,180.131.146.7
www.date.com.,30,IN,A,180.131.146.7
www.dating.com.,30,IN,A,180.131.146.7
www.delicates.co.uk.,30,IN,A,180.131.146.7
www.ebaumsworld.com.,30,IN,A,180.131.146.7
www.ectaco.com.,30,IN,A,180.131.146.7
www.erogeschichten.com.,30,IN,A,180.131.146.7
www.eurogrand.com.,30,IN,A,180.131.146.7
www.europacasino.com.,30,IN,A,180.131.146.7
www.famouspornstars.com. ,30,IN,A,180.131.146.7
www.femalestars.com.,30,IN,A,180.131.146.7
www.flirtylingerie.com.,30,IN,A,180.131.146.7
www.freegaypornfinder.com. ,30,IN,A,180.131.146.7
www.freegaypornhdtube.com. ,30,IN,A,180.131.146.7
www.fuckingfreemovies.com. ,30,IN,A,180.131.146.7
www.gambling.com.,30,IN,A,180.131.146.7
www.gamingday.com.,30,IN,A,180.131.146.7
www.gay.com.,30,IN,A,180.131.146.7
www.gayegypt.com.,30,IN,A,180.131.146.7
www.gayhealth.com.,30,IN,A,180.131.146.7
www.gayscape.com.,30,IN,A,180.131.146.7
www.goldenrivieracasino.com. ,30,IN,A,180.131.146.7
www.gotgayporn.com.,30,IN,A,180.131.146.7
www.grandonline.com.,30,IN,A,180.131.146.7
www.guardster.com.,30,IN,A,180.131.146.7
www.hereistheporn.com.,30,IN,A,180.131.146.7
www.hotbot.com.,30,IN,A,180.131.146.7
www.hustler.com.,30,IN,A,180.131.146.7
www.implantinfo.com.,30,IN,A,180.131.146.7
www.itsyoursexlife.com.,30,IN,A,180.131.146.7
www.lesbian.org.,30,IN,A,180.131.146.7
www.lesbiansubmission.com. ,30,IN,A,180.131.146.7
www.linay.com.,30,IN,A,180.131.146.7
www.lingerieatlarge.com. ,30,IN,A,180.131.146.7
www.lingeriebowl.com.,30,IN,A,180.131.146.7
www.livejasmin.com.,30,IN,A,180.131.146.7
www.milfbangvideos.com.,30,IN,A,180.131.146.7
www.moderndrunkardmagazine.com.,30,IN,A,180.131.146.7
www.mujeres59.com.ar.,30,IN,A,180.131.146.7
www.multiproxy.org.,30,IN,A,180.131.146.7
www.naughty.com.,30,IN,A,180.131.146.7
www.onlinedating.com.,30,IN,A,180.131.146.7
www.online-dating.org.,30,IN,A,180.131.146.7
www.onlinegambling.com.,30,IN,A,180.131.146.7
www.paltalk.com.,30,IN,A,180.131.146.7
www.pamperedpassions.com. ,30,IN,A,180.131.146.7
www.panties.com.,30,IN,A,180.131.146.7
www.partypoker.com.,30,IN,A,180.131.146.7
www.penisbot.com.,30,IN,A,180.131.146.7
www.penthouse.com.,30,IN,A,180.131.146.7
www.persiankitty.com.,30,IN,A,180.131.146.7
www.playboy.com.,30,IN,A,180.131.146.7
www.poker.com.,30,IN,A,180.131.146.7
www.pokerroom.com.,30,IN,A,180.131.146.7
www.pokerstars.com.,30,IN,A,180.131.146.7
www.pokerstars.net.,30,IN,A,180.131.146.7
www.positive.org.,30,IN,A,180.131.146.7
www.premaritalsex.info.,30,IN,A,180.131.146.7
www.proxyweb.net.,30,IN,A,180.131.146.7
www.purenudism.net.,30,IN,A,180.131.146.7
www.purextc.com.,30,IN,A,180.131.146.7
www.queernet.org.,30,IN,A,180.131.146.7
www.reddit.com.,30,IN,A,180.131.146.7
www.rotten.com.,30,IN,A,180.131.146.7
www.roxypalace.com.,30,IN,A,180.131.146.7
www.samesexmarriage.ca.,30,IN,A,180.131.146.7
www.sex.com.,30,IN,A,180.131.146.7
www.sexetc.org.,30,IN,A,180.131.146.7
www.sexualhealth.com.,30,IN,A,180.131.146.7
www.sexualityandu.ca.,30,IN,A,180.131.146.7
www.sexy-geschichten.at. ,30,IN,A,180.131.146.7
www.sfsi.org.,30,IN,A,180.131.146.7
www.simplygay.com.,30,IN,A,180.131.146.7
www.slotland.com.,30,IN,A,180.131.146.7
www.spark.com.,30,IN,A,180.131.146.7
www.spinpalace.com.,30,IN,A,180.131.146.7
www.sportingbet.com.,30,IN,A,180.131.146.7
www.sportsinteraction.com. ,30,IN,A,180.131.146.7
www.trashy.com.,30,IN,A,180.131.146.7
www.tripod.lycos.co.uk.,30,IN,A,180.131.146.7
www.true.com.,30,IN,A,180.131.146.7
www.ultimate-anonymity.com. ,30,IN,A,180.131.146.7
bolanaga.com.,30,IN,A,180.131.146.7
www.venusswimwear.com.,30,IN,A,180.131.146.7
www.wetplace.com.,30,IN,A,180.131.146.7
www.worldsex.com.,30,IN,A,180.131.146.7
www.xroxy.com.,30,IN,A,180.131.146.7
www.xxxemovie.info.,30,IN,A,180.131.146.7
www.youngerbabes.com.,30,IN,A,180.131.146.7
xhamster.com.,30,IN,A,180.131.146.7
xvideos.com.,30,IN,A,180.131.146.7
youjizz.com.,30,IN,A,180.131.146.7
youporn.com.,30,IN,A,180.131.146.7
88bola.com.,30,IN,A,180.131.146.7
9nagatangkas.com.,30,IN,A,180.131.146.7
answering-islam.org.,30,IN,A,180.131.146.7
beritamuslim.wordpress.com. ,30,IN,A,180.131.146.7
bolanaga.com,30,IN,A,180.131.146.7
bolauntung.com.,30,IN,A,180.131.146.7
bolazoom.com.,30,IN,A,180.131.146.7
ceriwis.us.,30,IN,A,180.131.146.7
dewajudi.net.,30,IN,A,180.131.146.7
exmuslim.wordpress.com.,30,IN,A,180.131.146.7
indolucky7.com.,30,IN,A,180.131.146.7
komiknabimuhammad.blogspot.com.,30,IN,A,180.131.146.7
pasarbola2.com.,30,IN,A,180.131.146.7
rajatangkas.com.,30,IN,A,180.131.146.7
taruhan.org.,30,IN,A,180.131.146.7
thetend.com.,30,IN,A,180.131.146.7
trulyislam.blogspot.com. ,30,IN,A,180.131.146.7
www.agenbola.com.,30,IN,A,180.131.146.7
www.agent234.com.,30,IN,A,180.131.146.7
www.gajahnungging.com.,30,IN,A,180.131.146.7
www.indoagen.com.,30,IN,A,180.131.146.7
www.mahasiswaonline.info. ,30,IN,A,180.131.146.7
zheg.nastie.co.uk.,30,IN,A,180.131.146.7
88bola.com.,30,IN,A,180.131.146.7
9nagatangkas.com.,30,IN,A,180.131.146.7
answering-islam.org.,30,IN,A,180.131.146.7
beritamuslim.wordpress.com. ,30,IN,A,180.131.146.7
bolanaga.com.,30,IN,A,180.131.146.7
bolauntung.com.,30,IN,A,180.131.146.7
bolazoom.com.,30,IN,A,180.131.146.7
ceriwis.us.,30,IN,A,180.131.146.7
dewajudi.net.,30,IN,A,180.131.146.7
exmuslim.wordpress.com.,30,IN,A,180.131.146.7
gayindonesiaforum.com.,30,IN,A,180.131.146.7
indolucky7.com.,30,IN,A,180.131.146.7
islamexpose.blogspot.com. ,30,IN,A,180.131.146.7
islammurtad.blogspot.com. ,30,IN,A,180.131.146.7
komiknabimuhammad.blogspot.com.,30,IN,A,180.131.146.7
pasarbola2.com.,30,IN,A,180.131.146.7
rajatangkas.com.,30,IN,A,180.131.146.7
taruhan.org.,30,IN,A,180.131.146.7
thetend.com.,30,IN,A,180.131.146.7
trulyislam.blogspot.com. ,30,IN,A,180.131.146.7
www.agenbola.com.,30,IN,A,180.131.146.7
www.agent234.com.,30,IN,A,180.131.146.7
www.answering-islam.org. ,30,IN,A,180.131.146.7
www.faithfreedom.org.,30,IN,A,180.131.146.7
www.gajahnungging.com.,30,IN,A,180.131.146.7
www.indoagen.com.,30,IN,A,180.131.146.7
www.mahasiswaonline.info.,30,IN,A,180.131.146.7
zheg.nastie.co.uk.,30,IN,A,180.131.146.7
